"codeID","code","selfirst","selend","catID","catName","fileID"
68,"partnership with private institutions",110,303,9,"partnership",10
68,"partnership with private institutions",110,303,15,"collaboration",10
68,"partnership with private institutions",110,303,18,"vision",10
27,"creation of management units",110,304,14,"development",10
27,"creation of management units",110,304,15,"collaboration",10
27,"creation of management units",110,304,18,"vision",10
4,"guidelines to remote learning",396,669,8,"training",10
4,"guidelines to remote learning",396,669,13,"use/distribution",10
4,"guidelines to remote learning",396,669,14,"development",10
4,"guidelines to remote learning",396,669,15,"collaboration",10
4,"guidelines to remote learning",396,669,18,"vision",10
4,"guidelines to remote learning",676,1132,8,"training",10
4,"guidelines to remote learning",676,1132,13,"use/distribution",10
4,"guidelines to remote learning",676,1132,14,"development",10
4,"guidelines to remote learning",676,1132,15,"collaboration",10
4,"guidelines to remote learning",676,1132,18,"vision",10
4,"guidelines to remote learning",1133,1337,8,"training",10
4,"guidelines to remote learning",1133,1337,13,"use/distribution",10
4,"guidelines to remote learning",1133,1337,14,"development",10
4,"guidelines to remote learning",1133,1337,15,"collaboration",10
4,"guidelines to remote learning",1133,1337,18,"vision",10
4,"guidelines to remote learning",1344,1641,8,"training",10
4,"guidelines to remote learning",1344,1641,13,"use/distribution",10
4,"guidelines to remote learning",1344,1641,14,"development",10
4,"guidelines to remote learning",1344,1641,15,"collaboration",10
4,"guidelines to remote learning",1344,1641,18,"vision",10
27,"creation of management units",1687,2312,14,"development",10
27,"creation of management units",1687,2312,15,"collaboration",10
27,"creation of management units",1687,2312,18,"vision",10
27,"creation of management units",2320,2491,14,"development",10
27,"creation of management units",2320,2491,15,"collaboration",10
27,"creation of management units",2320,2491,18,"vision",10
54,"monitoring access",331,739,12,"assessment/monitoring",11
54,"monitoring access",331,739,18,"vision",11
54,"monitoring access",331,739,19,"material",11
54,"monitoring access",331,739,20,"infrastructure",11
15,"academic achievements",832,1141,12,"assessment/monitoring",11
15,"academic achievements",832,1141,18,"vision",11
52,"monitoring/reporting of schools actions",1195,1271,12,"assessment/monitoring",11
52,"monitoring/reporting of schools actions",1195,1271,18,"vision",11
69,"promote everyone learning",1516,1584,16,"promotion",11
69,"promote everyone learning",1516,1584,18,"vision",11
70,"promote social competences",1591,1697,16,"promotion",11
70,"promote social competences",1591,1697,18,"vision",11
15,"academic achievements",1760,1979,12,"assessment/monitoring",11
15,"academic achievements",1760,1979,18,"vision",11
23,"free Internet access",156,221,13,"use/distribution",12
23,"free Internet access",156,221,20,"infrastructure",12
13,"use of educational TV",233,275,9,"partnership",12
13,"use of educational TV",233,275,13,"use/distribution",12
13,"use of educational TV",233,275,19,"material",12
13,"use of educational TV",233,275,20,"infrastructure",12
1,"distribute paper-based material",278,372,13,"use/distribution",12
1,"distribute paper-based material",278,372,19,"material",12
24,"distribute equipment for teaching",376,516,13,"use/distribution",12
24,"distribute equipment for teaching",376,516,20,"infrastructure",12
25,"distribute equipment for students",518,717,13,"use/distribution",12
25,"distribute equipment for students",518,717,20,"infrastructure",12
24,"distribute equipment for teaching",724,792,13,"use/distribution",12
24,"distribute equipment for teaching",724,792,20,"infrastructure",12
33,"trainning courses",152,392,8,"training",13
33,"trainning courses",152,392,13,"use/distribution",13
33,"trainning courses",152,392,17,"expertise",13
30,"training event",394,465,8,"training",13
30,"training event",394,465,13,"use/distribution",13
30,"training event",394,465,17,"expertise",13
33,"trainning courses",546,869,8,"training",13
33,"trainning courses",546,869,13,"use/distribution",13
33,"trainning courses",546,869,17,"expertise",13
57,"monitoring graduates",877,1044,12,"assessment/monitoring",13
57,"monitoring graduates",877,1044,18,"vision",13
57,"monitoring graduates",877,1044,19,"material",13
20,"monitoring subscription in training",1046,1298,12,"assessment/monitoring",13
20,"monitoring subscription in training",1046,1298,18,"vision",13
20,"monitoring subscription in training",1046,1298,19,"material",13
34,"assess digital competences",1308,1506,12,"assessment/monitoring",13
34,"assess digital competences",1308,1506,17,"expertise",13
34,"assess digital competences",1308,1506,18,"vision",13
15,"academic achievements",1508,1856,12,"assessment/monitoring",13
15,"academic achievements",1508,1856,18,"vision",13
37,"use/distribution of Google products",133,618,13,"use/distribution",14
37,"use/distribution of Google products",133,618,19,"material",14
37,"use/distribution of Google products",133,618,20,"infrastructure",14
46,"develop/adaptation of learning platforms",634,962,13,"use/distribution",14
46,"develop/adaptation of learning platforms",634,962,14,"development",14
46,"develop/adaptation of learning platforms",634,962,19,"material",14
46,"develop/adaptation of learning platforms",634,962,20,"infrastructure",14
27,"creation of management units",130,314,14,"development",15
27,"creation of management units",130,314,15,"collaboration",15
27,"creation of management units",130,314,18,"vision",15
4,"guidelines to remote learning",323,747,8,"training",15
4,"guidelines to remote learning",323,747,13,"use/distribution",15
4,"guidelines to remote learning",323,747,14,"development",15
4,"guidelines to remote learning",323,747,15,"collaboration",15
4,"guidelines to remote learning",323,747,18,"vision",15
72,"conceptualization of remote learning",301,595,18,"vision",16
27,"creation of management units",597,1056,14,"development",16
27,"creation of management units",597,1056,15,"collaboration",16
27,"creation of management units",597,1056,18,"vision",16
24,"distribute equipment for teaching",106,284,13,"use/distribution",17
24,"distribute equipment for teaching",106,284,20,"infrastructure",17
25,"distribute equipment for students",291,369,13,"use/distribution",17
25,"distribute equipment for students",291,369,20,"infrastructure",17
24,"distribute equipment for teaching",376,448,13,"use/distribution",17
24,"distribute equipment for teaching",376,448,20,"infrastructure",17
24,"distribute equipment for teaching",455,617,13,"use/distribution",17
24,"distribute equipment for teaching",455,617,20,"infrastructure",17
46,"develop/adaptation of learning platforms",624,759,13,"use/distribution",17
46,"develop/adaptation of learning platforms",624,759,14,"development",17
46,"develop/adaptation of learning platforms",624,759,19,"material",17
46,"develop/adaptation of learning platforms",624,759,20,"infrastructure",17
18,"production of learning contents",765,910,14,"development",17
18,"production of learning contents",765,910,19,"material",17
34,"assess digital competences",152,395,12,"assessment/monitoring",18
34,"assess digital competences",152,395,17,"expertise",18
34,"assess digital competences",152,395,18,"vision",18
20,"monitoring subscription in training",397,629,12,"assessment/monitoring",18
20,"monitoring subscription in training",397,629,18,"vision",18
20,"monitoring subscription in training",397,629,19,"material",18
55,"assess media access",631,805,12,"assessment/monitoring",18
55,"assess media access",631,805,18,"vision",18
55,"assess media access",631,805,19,"material",18
55,"assess media access",631,805,20,"infrastructure",18
34,"assess digital competences",1746,2117,12,"assessment/monitoring",18
34,"assess digital competences",1746,2117,17,"expertise",18
34,"assess digital competences",1746,2117,18,"vision",18
15,"academic achievements",2127,2478,12,"assessment/monitoring",18
15,"academic achievements",2127,2478,18,"vision",18
52,"monitoring/reporting of schools actions",2480,2781,12,"assessment/monitoring",18
52,"monitoring/reporting of schools actions",2480,2781,18,"vision",18
27,"creation of management units",150,325,14,"development",19
27,"creation of management units",150,325,15,"collaboration",19
27,"creation of management units",150,325,18,"vision",19
34,"assess digital competences",655,1275,12,"assessment/monitoring",19
34,"assess digital competences",655,1275,17,"expertise",19
34,"assess digital competences",655,1275,18,"vision",19
30,"training event",1451,2444,8,"training",19
30,"training event",1451,2444,13,"use/distribution",19
30,"training event",1451,2444,17,"expertise",19
4,"guidelines to remote learning",1027,1224,8,"training",20
4,"guidelines to remote learning",1027,1224,13,"use/distribution",20
4,"guidelines to remote learning",1027,1224,14,"development",20
4,"guidelines to remote learning",1027,1224,15,"collaboration",20
4,"guidelines to remote learning",1027,1224,18,"vision",20
1,"distribute paper-based material",1385,1644,13,"use/distribution",20
1,"distribute paper-based material",1385,1644,19,"material",20
46,"develop/adaptation of learning platforms",1712,1963,13,"use/distribution",20
46,"develop/adaptation of learning platforms",1712,1963,14,"development",20
46,"develop/adaptation of learning platforms",1712,1963,19,"material",20
46,"develop/adaptation of learning platforms",1712,1963,20,"infrastructure",20
3,"develop/use of learning mobile apps",2020,2169,13,"use/distribution",20
3,"develop/use of learning mobile apps",2020,2169,14,"development",20
3,"develop/use of learning mobile apps",2020,2169,19,"material",20
3,"develop/use of learning mobile apps",2020,2169,20,"infrastructure",20
31,"training groups",2179,2373,8,"training",20
31,"training groups",2179,2373,15,"collaboration",20
31,"training groups",2179,2373,17,"expertise",20
46,"develop/adaptation of learning platforms",2381,2649,13,"use/distribution",20
46,"develop/adaptation of learning platforms",2381,2649,14,"development",20
46,"develop/adaptation of learning platforms",2381,2649,19,"material",20
46,"develop/adaptation of learning platforms",2381,2649,20,"infrastructure",20
33,"trainning courses",2783,2793,8,"training",20
33,"trainning courses",2783,2793,13,"use/distribution",20
33,"trainning courses",2783,2793,17,"expertise",20
30,"training event",2795,2800,8,"training",20
30,"training event",2795,2800,13,"use/distribution",20
30,"training event",2795,2800,17,"expertise",20
29,"training material",2804,2831,8,"training",20
29,"training material",2804,2831,13,"use/distribution",20
29,"training material",2804,2831,17,"expertise",20
29,"training material",2804,2831,19,"material",20
24,"distribute equipment for teaching",2842,2899,13,"use/distribution",20
24,"distribute equipment for teaching",2842,2899,20,"infrastructure",20
68,"partnership with private institutions",2909,3095,9,"partnership",20
68,"partnership with private institutions",2909,3095,15,"collaboration",20
68,"partnership with private institutions",2909,3095,18,"vision",20
4,"guidelines to remote learning",184,276,8,"training",29
4,"guidelines to remote learning",184,276,13,"use/distribution",29
4,"guidelines to remote learning",184,276,14,"development",29
4,"guidelines to remote learning",184,276,15,"collaboration",29
4,"guidelines to remote learning",184,276,18,"vision",29
61,"training in innovative pedagogical practices",280,367,8,"training",29
61,"training in innovative pedagogical practices",280,367,17,"expertise",29
18,"production of learning contents",368,564,14,"development",29
18,"production of learning contents",368,564,19,"material",29
31,"training groups",572,998,8,"training",29
31,"training groups",572,998,15,"collaboration",29
31,"training groups",572,998,17,"expertise",29
34,"assess digital competences",1006,1340,12,"assessment/monitoring",29
34,"assess digital competences",1006,1340,17,"expertise",29
34,"assess digital competences",1006,1340,18,"vision",29
18,"production of learning contents",1367,1570,14,"development",29
18,"production of learning contents",1367,1570,19,"material",29
3,"develop/use of learning mobile apps",1649,1675,13,"use/distribution",29
3,"develop/use of learning mobile apps",1649,1675,14,"development",29
3,"develop/use of learning mobile apps",1649,1675,19,"material",29
3,"develop/use of learning mobile apps",1649,1675,20,"infrastructure",29
23,"free Internet access",1679,1697,13,"use/distribution",29
23,"free Internet access",1679,1697,20,"infrastructure",29
25,"distribute equipment for students",1712,1791,13,"use/distribution",29
25,"distribute equipment for students",1712,1791,20,"infrastructure",29
24,"distribute equipment for teaching",1712,1791,13,"use/distribution",29
24,"distribute equipment for teaching",1712,1791,20,"infrastructure",29
16,"monitoring downloads",334,456,12,"assessment/monitoring",21
16,"monitoring downloads",334,456,18,"vision",21
16,"monitoring downloads",334,456,19,"material",21
20,"monitoring subscription in training",457,499,12,"assessment/monitoring",21
20,"monitoring subscription in training",457,499,18,"vision",21
20,"monitoring subscription in training",457,499,19,"material",21
18,"production of learning contents",1102,1184,14,"development",21
18,"production of learning contents",1102,1184,19,"material",21
54,"monitoring access",500,1101,12,"assessment/monitoring",21
54,"monitoring access",500,1101,18,"vision",21
54,"monitoring access",500,1101,19,"material",21
54,"monitoring access",500,1101,20,"infrastructure",21
54,"monitoring access",1295,1487,12,"assessment/monitoring",21
54,"monitoring access",1295,1487,18,"vision",21
54,"monitoring access",1295,1487,19,"material",21
54,"monitoring access",1295,1487,20,"infrastructure",21
30,"training event",1488,1674,8,"training",21
30,"training event",1488,1674,13,"use/distribution",21
30,"training event",1488,1674,17,"expertise",21
33,"trainning courses",1675,1816,8,"training",21
33,"trainning courses",1675,1816,13,"use/distribution",21
33,"trainning courses",1675,1816,17,"expertise",21
31,"training groups",1817,2041,8,"training",21
31,"training groups",1817,2041,15,"collaboration",21
31,"training groups",1817,2041,17,"expertise",21
20,"monitoring subscription in training",1817,2041,12,"assessment/monitoring",21
20,"monitoring subscription in training",1817,2041,18,"vision",21
20,"monitoring subscription in training",1817,2041,19,"material",21
24,"distribute equipment for teaching",153,546,13,"use/distribution",22
24,"distribute equipment for teaching",153,546,20,"infrastructure",22
54,"monitoring access",548,922,12,"assessment/monitoring",22
54,"monitoring access",548,922,18,"vision",22
54,"monitoring access",548,922,19,"material",22
54,"monitoring access",548,922,20,"infrastructure",22
3,"develop/use of learning mobile apps",958,1071,13,"use/distribution",22
3,"develop/use of learning mobile apps",958,1071,14,"development",22
3,"develop/use of learning mobile apps",958,1071,19,"material",22
3,"develop/use of learning mobile apps",958,1071,20,"infrastructure",22
23,"free Internet access",1090,1220,13,"use/distribution",22
23,"free Internet access",1090,1220,20,"infrastructure",22
54,"monitoring access",1223,1457,12,"assessment/monitoring",22
54,"monitoring access",1223,1457,18,"vision",22
54,"monitoring access",1223,1457,19,"material",22
54,"monitoring access",1223,1457,20,"infrastructure",22
23,"free Internet access",1537,1894,13,"use/distribution",22
23,"free Internet access",1537,1894,20,"infrastructure",22
24,"distribute equipment for teaching",1916,2191,13,"use/distribution",22
24,"distribute equipment for teaching",1916,2191,20,"infrastructure",22
25,"distribute equipment for students",2333,2728,13,"use/distribution",22
25,"distribute equipment for students",2333,2728,20,"infrastructure",22
33,"trainning courses",147,726,8,"training",23
33,"trainning courses",147,726,13,"use/distribution",23
33,"trainning courses",147,726,17,"expertise",23
29,"training material",728,863,8,"training",23
29,"training material",728,863,13,"use/distribution",23
29,"training material",728,863,17,"expertise",23
29,"training material",728,863,19,"material",23
68,"partnership with private institutions",876,1193,9,"partnership",23
68,"partnership with private institutions",876,1193,15,"collaboration",23
68,"partnership with private institutions",876,1193,18,"vision",23
57,"monitoring graduates",1194,1407,12,"assessment/monitoring",23
57,"monitoring graduates",1194,1407,18,"vision",23
57,"monitoring graduates",1194,1407,19,"material",23
30,"training event",1410,1864,8,"training",23
30,"training event",1410,1864,13,"use/distribution",23
30,"training event",1410,1864,17,"expertise",23
50,"external assessments",1869,2013,12,"assessment/monitoring",23
50,"external assessments",1869,2013,15,"collaboration",23
50,"external assessments",1869,2013,18,"vision",23
31,"training groups",2014,2259,8,"training",23
31,"training groups",2014,2259,15,"collaboration",23
31,"training groups",2014,2259,17,"expertise",23
18,"production of learning contents",2261,2629,14,"development",23
18,"production of learning contents",2261,2629,19,"material",23
34,"assess digital competences",2630,3520,12,"assessment/monitoring",23
34,"assess digital competences",2630,3520,17,"expertise",23
34,"assess digital competences",2630,3520,18,"vision",23
33,"trainning courses",3954,4083,8,"training",23
33,"trainning courses",3954,4083,13,"use/distribution",23
33,"trainning courses",3954,4083,17,"expertise",23
30,"training event",3954,4083,8,"training",23
30,"training event",3954,4083,13,"use/distribution",23
30,"training event",3954,4083,17,"expertise",23
51,"assess Ed tech adoption",4119,4278,12,"assessment/monitoring",23
51,"assess Ed tech adoption",4119,4278,17,"expertise",23
51,"assess Ed tech adoption",4119,4278,18,"vision",23
37,"use/distribution of Google products",128,311,13,"use/distribution",24
37,"use/distribution of Google products",128,311,19,"material",24
37,"use/distribution of Google products",128,311,20,"infrastructure",24
46,"develop/adaptation of learning platforms",312,595,13,"use/distribution",24
46,"develop/adaptation of learning platforms",312,595,14,"development",24
46,"develop/adaptation of learning platforms",312,595,19,"material",24
46,"develop/adaptation of learning platforms",312,595,20,"infrastructure",24
37,"use/distribution of Google products",596,1043,13,"use/distribution",24
37,"use/distribution of Google products",596,1043,19,"material",24
37,"use/distribution of Google products",596,1043,20,"infrastructure",24
13,"use of educational TV",1044,1242,9,"partnership",24
13,"use of educational TV",1044,1242,13,"use/distribution",24
13,"use of educational TV",1044,1242,19,"material",24
13,"use of educational TV",1044,1242,20,"infrastructure",24
2,"use/distribution of digital resouces",1243,1593,13,"use/distribution",24
2,"use/distribution of digital resouces",1243,1593,19,"material",24
2,"use/distribution of digital resouces",1243,1593,20,"infrastructure",24
11,"partnership with public institutions",1370,1592,9,"partnership",24
11,"partnership with public institutions",1370,1592,15,"collaboration",24
11,"partnership with public institutions",1370,1592,18,"vision",24
46,"develop/adaptation of learning platforms",1593,1786,13,"use/distribution",24
46,"develop/adaptation of learning platforms",1593,1786,14,"development",24
46,"develop/adaptation of learning platforms",1593,1786,19,"material",24
46,"develop/adaptation of learning platforms",1593,1786,20,"infrastructure",24
18,"production of learning contents",1797,1950,14,"development",24
18,"production of learning contents",1797,1950,19,"material",24
42,"use of social networks",1964,2473,13,"use/distribution",24
42,"use of social networks",1964,2473,15,"collaboration",24
42,"use of social networks",1964,2473,19,"material",24
42,"use of social networks",1964,2473,20,"infrastructure",24
43,"production of interactive materials",2481,2831,13,"use/distribution",24
43,"production of interactive materials",2481,2831,19,"material",24
61,"training in innovative pedagogical practices",2929,3315,8,"training",24
61,"training in innovative pedagogical practices",2929,3315,17,"expertise",24
2,"use/distribution of digital resouces",3317,3676,13,"use/distribution",24
2,"use/distribution of digital resouces",3317,3676,19,"material",24
2,"use/distribution of digital resouces",3317,3676,20,"infrastructure",24
46,"develop/adaptation of learning platforms",3677,3951,13,"use/distribution",24
46,"develop/adaptation of learning platforms",3677,3951,14,"development",24
46,"develop/adaptation of learning platforms",3677,3951,19,"material",24
46,"develop/adaptation of learning platforms",3677,3951,20,"infrastructure",24
54,"monitoring access",3954,4233,12,"assessment/monitoring",24
54,"monitoring access",3954,4233,18,"vision",24
54,"monitoring access",3954,4233,19,"material",24
54,"monitoring access",3954,4233,20,"infrastructure",24
4,"guidelines to remote learning",213,335,8,"training",25
4,"guidelines to remote learning",213,335,13,"use/distribution",25
4,"guidelines to remote learning",213,335,14,"development",25
4,"guidelines to remote learning",213,335,15,"collaboration",25
4,"guidelines to remote learning",213,335,18,"vision",25
69,"promote everyone learning",433,615,16,"promotion",25
69,"promote everyone learning",433,615,18,"vision",25
23,"free Internet access",141,193,13,"use/distribution",27
23,"free Internet access",141,193,20,"infrastructure",27
73,"partnership to distribute learning content",285,374,9,"partnership",27
73,"partnership to distribute learning content",285,374,15,"collaboration",27
73,"partnership to distribute learning content",285,374,18,"vision",27
73,"partnership to distribute learning content",285,374,19,"material",27
52,"monitoring/reporting of schools actions",149,221,12,"assessment/monitoring",28
52,"monitoring/reporting of schools actions",149,221,18,"vision",28
46,"develop/adaptation of learning platforms",270,357,13,"use/distribution",28
46,"develop/adaptation of learning platforms",270,357,14,"development",28
46,"develop/adaptation of learning platforms",270,357,19,"material",28
46,"develop/adaptation of learning platforms",270,357,20,"infrastructure",28
33,"trainning courses",460,758,8,"training",28
33,"trainning courses",460,758,13,"use/distribution",28
33,"trainning courses",460,758,17,"expertise",28
34,"assess digital competences",800,982,12,"assessment/monitoring",28
34,"assess digital competences",800,982,17,"expertise",28
34,"assess digital competences",800,982,18,"vision",28
51,"assess Ed tech adoption",985,1143,12,"assessment/monitoring",28
51,"assess Ed tech adoption",985,1143,17,"expertise",28
51,"assess Ed tech adoption",985,1143,18,"vision",28
42,"use of social networks",1600,1775,13,"use/distribution",30
42,"use of social networks",1600,1775,15,"collaboration",30
42,"use of social networks",1600,1775,19,"material",30
42,"use of social networks",1600,1775,20,"infrastructure",30
2,"use/distribution of digital resouces",1600,1775,13,"use/distribution",30
2,"use/distribution of digital resouces",1600,1775,19,"material",30
2,"use/distribution of digital resouces",1600,1775,20,"infrastructure",30
1,"distribute paper-based material",1792,1913,13,"use/distribution",30
1,"distribute paper-based material",1792,1913,19,"material",30
73,"partnership to distribute learning content",1930,2170,9,"partnership",30
73,"partnership to distribute learning content",1930,2170,15,"collaboration",30
73,"partnership to distribute learning content",1930,2170,18,"vision",30
73,"partnership to distribute learning content",1930,2170,19,"material",30
55,"assess media access",165,619,12,"assessment/monitoring",31
55,"assess media access",165,619,18,"vision",31
55,"assess media access",165,619,19,"material",31
55,"assess media access",165,619,20,"infrastructure",31
73,"partnership to distribute learning content",138,387,9,"partnership",32
73,"partnership to distribute learning content",138,387,15,"collaboration",32
73,"partnership to distribute learning content",138,387,18,"vision",32
73,"partnership to distribute learning content",138,387,19,"material",32
4,"guidelines to remote learning",147,480,8,"training",33
4,"guidelines to remote learning",147,480,13,"use/distribution",33
4,"guidelines to remote learning",147,480,14,"development",33
4,"guidelines to remote learning",147,480,15,"collaboration",33
4,"guidelines to remote learning",147,480,18,"vision",33
33,"trainning courses",484,704,8,"training",33
33,"trainning courses",484,704,13,"use/distribution",33
33,"trainning courses",484,704,17,"expertise",33
37,"use/distribution of Google products",127,398,13,"use/distribution",35
37,"use/distribution of Google products",127,398,19,"material",35
37,"use/distribution of Google products",127,398,20,"infrastructure",35
44,"use/distribution of Microsoft products",400,739,13,"use/distribution",35
44,"use/distribution of Microsoft products",400,739,19,"material",35
44,"use/distribution of Microsoft products",400,739,20,"infrastructure",35
1,"distribute paper-based material",741,1243,13,"use/distribution",35
1,"distribute paper-based material",741,1243,19,"material",35
54,"monitoring access",1245,1495,12,"assessment/monitoring",35
54,"monitoring access",1245,1495,18,"vision",35
54,"monitoring access",1245,1495,19,"material",35
54,"monitoring access",1245,1495,20,"infrastructure",35
13,"use of educational TV",1497,1624,9,"partnership",35
13,"use of educational TV",1497,1624,13,"use/distribution",35
13,"use of educational TV",1497,1624,19,"material",35
13,"use of educational TV",1497,1624,20,"infrastructure",35
30,"training event",1624,1758,8,"training",35
30,"training event",1624,1758,13,"use/distribution",35
30,"training event",1624,1758,17,"expertise",35
27,"creation of management units",425,961,14,"development",34
27,"creation of management units",425,961,15,"collaboration",34
27,"creation of management units",425,961,18,"vision",34
27,"creation of management units",963,1249,14,"development",34
27,"creation of management units",963,1249,15,"collaboration",34
27,"creation of management units",963,1249,18,"vision",34
63,"school health resources",1250,1594,13,"use/distribution",34
11,"partnership with public institutions",1596,1839,9,"partnership",34
11,"partnership with public institutions",1596,1839,15,"collaboration",34
11,"partnership with public institutions",1596,1839,18,"vision",34
52,"monitoring/reporting of schools actions",1596,1839,12,"assessment/monitoring",34
52,"monitoring/reporting of schools actions",1596,1839,18,"vision",34
52,"monitoring/reporting of schools actions",147,288,12,"assessment/monitoring",36
52,"monitoring/reporting of schools actions",147,288,18,"vision",36
46,"develop/adaptation of learning platforms",2015,2232,13,"use/distribution",47
46,"develop/adaptation of learning platforms",2015,2232,14,"development",47
46,"develop/adaptation of learning platforms",2015,2232,19,"material",47
46,"develop/adaptation of learning platforms",2015,2232,20,"infrastructure",47
33,"trainning courses",2253,2308,8,"training",47
33,"trainning courses",2253,2308,13,"use/distribution",47
33,"trainning courses",2253,2308,17,"expertise",47
68,"partnership with private institutions",2309,2383,9,"partnership",47
68,"partnership with private institutions",2309,2383,15,"collaboration",47
68,"partnership with private institutions",2309,2383,18,"vision",47
23,"free Internet access",2384,2429,13,"use/distribution",47
23,"free Internet access",2384,2429,20,"infrastructure",47
13,"use of educational TV",2430,2537,9,"partnership",47
13,"use of educational TV",2430,2537,13,"use/distribution",47
13,"use of educational TV",2430,2537,19,"material",47
13,"use of educational TV",2430,2537,20,"infrastructure",47
40,"use of educational Radio",2430,2537,9,"partnership",47
40,"use of educational Radio",2430,2537,13,"use/distribution",47
40,"use of educational Radio",2430,2537,19,"material",47
40,"use of educational Radio",2430,2537,20,"infrastructure",47
1,"distribute paper-based material",2538,2607,13,"use/distribution",47
1,"distribute paper-based material",2538,2607,19,"material",47
7,"partnership with international agencies",2608,2738,9,"partnership",47
7,"partnership with international agencies",2608,2738,15,"collaboration",47
7,"partnership with international agencies",2608,2738,18,"vision",47
8,"school feeding program",2739,2789,13,"use/distribution",47
33,"trainning courses",2891,3017,8,"training",47
33,"trainning courses",2891,3017,13,"use/distribution",47
33,"trainning courses",2891,3017,17,"expertise",47
52,"monitoring/reporting of schools actions",214,321,12,"assessment/monitoring",46
52,"monitoring/reporting of schools actions",214,321,18,"vision",46
64,"hire teachers",158,188,17,"expertise",45
33,"trainning courses",224,364,8,"training",45
33,"trainning courses",224,364,13,"use/distribution",45
33,"trainning courses",224,364,17,"expertise",45
13,"use of educational TV",365,420,9,"partnership",45
13,"use of educational TV",365,420,13,"use/distribution",45
13,"use of educational TV",365,420,19,"material",45
13,"use of educational TV",365,420,20,"infrastructure",45
23,"free Internet access",421,473,13,"use/distribution",45
23,"free Internet access",421,473,20,"infrastructure",45
46,"develop/adaptation of learning platforms",474,537,13,"use/distribution",45
46,"develop/adaptation of learning platforms",474,537,14,"development",45
46,"develop/adaptation of learning platforms",474,537,19,"material",45
46,"develop/adaptation of learning platforms",474,537,20,"infrastructure",45
68,"partnership with private institutions",155,183,9,"partnership",44
68,"partnership with private institutions",155,183,15,"collaboration",44
68,"partnership with private institutions",155,183,18,"vision",44
33,"trainning courses",184,497,8,"training",44
33,"trainning courses",184,497,13,"use/distribution",44
33,"trainning courses",184,497,17,"expertise",44
13,"use of educational TV",400,617,9,"partnership",43
13,"use of educational TV",400,617,13,"use/distribution",43
13,"use of educational TV",400,617,19,"material",43
13,"use of educational TV",400,617,20,"infrastructure",43
3,"develop/use of learning mobile apps",400,617,13,"use/distribution",43
3,"develop/use of learning mobile apps",400,617,14,"development",43
3,"develop/use of learning mobile apps",400,617,19,"material",43
3,"develop/use of learning mobile apps",400,617,20,"infrastructure",43
37,"use/distribution of Google products",130,395,13,"use/distribution",43
37,"use/distribution of Google products",130,395,19,"material",43
37,"use/distribution of Google products",130,395,20,"infrastructure",43
3,"develop/use of learning mobile apps",115,411,13,"use/distribution",42
3,"develop/use of learning mobile apps",115,411,14,"development",42
3,"develop/use of learning mobile apps",115,411,19,"material",42
3,"develop/use of learning mobile apps",115,411,20,"infrastructure",42
46,"develop/adaptation of learning platforms",115,411,13,"use/distribution",42
46,"develop/adaptation of learning platforms",115,411,14,"development",42
46,"develop/adaptation of learning platforms",115,411,19,"material",42
46,"develop/adaptation of learning platforms",115,411,20,"infrastructure",42
64,"hire teachers",106,140,17,"expertise",40
33,"trainning courses",142,161,8,"training",40
33,"trainning courses",142,161,13,"use/distribution",40
33,"trainning courses",142,161,17,"expertise",40
24,"distribute equipment for teaching",165,294,13,"use/distribution",40
24,"distribute equipment for teaching",165,294,20,"infrastructure",40
25,"distribute equipment for students",165,294,13,"use/distribution",40
25,"distribute equipment for students",165,294,20,"infrastructure",40
50,"external assessments",151,422,12,"assessment/monitoring",39
50,"external assessments",151,422,15,"collaboration",39
50,"external assessments",151,422,18,"vision",39
15,"academic achievements",153,238,12,"assessment/monitoring",38
15,"academic achievements",153,238,18,"vision",38
46,"develop/adaptation of learning platforms",877,1064,13,"use/distribution",59
46,"develop/adaptation of learning platforms",877,1064,14,"development",59
46,"develop/adaptation of learning platforms",877,1064,19,"material",59
46,"develop/adaptation of learning platforms",877,1064,20,"infrastructure",59
13,"use of educational TV",1070,1165,9,"partnership",59
13,"use of educational TV",1070,1165,13,"use/distribution",59
13,"use of educational TV",1070,1165,19,"material",59
13,"use of educational TV",1070,1165,20,"infrastructure",59
1,"distribute paper-based material",1186,1235,13,"use/distribution",59
1,"distribute paper-based material",1186,1235,19,"material",59
36,"use of video/livestream platforms",1236,1582,13,"use/distribution",59
36,"use of video/livestream platforms",1236,1582,19,"material",59
36,"use of video/livestream platforms",1236,1582,20,"infrastructure",59
13,"use of educational TV",1591,1606,9,"partnership",59
13,"use of educational TV",1591,1606,13,"use/distribution",59
13,"use of educational TV",1591,1606,19,"material",59
13,"use of educational TV",1591,1606,20,"infrastructure",59
36,"use of video/livestream platforms",1608,1615,13,"use/distribution",59
36,"use of video/livestream platforms",1608,1615,19,"material",59
36,"use of video/livestream platforms",1608,1615,20,"infrastructure",59
3,"develop/use of learning mobile apps",1619,1727,13,"use/distribution",59
3,"develop/use of learning mobile apps",1619,1727,14,"development",59
3,"develop/use of learning mobile apps",1619,1727,19,"material",59
3,"develop/use of learning mobile apps",1619,1727,20,"infrastructure",59
23,"free Internet access",2220,2421,13,"use/distribution",59
23,"free Internet access",2220,2421,20,"infrastructure",59
54,"monitoring access",203,523,12,"assessment/monitoring",58
54,"monitoring access",203,523,18,"vision",58
54,"monitoring access",203,523,19,"material",58
54,"monitoring access",203,523,20,"infrastructure",58
52,"monitoring/reporting of schools actions",524,764,12,"assessment/monitoring",58
52,"monitoring/reporting of schools actions",524,764,18,"vision",58
23,"free Internet access",154,377,13,"use/distribution",57
23,"free Internet access",154,377,20,"infrastructure",57
3,"develop/use of learning mobile apps",379,389,13,"use/distribution",57
3,"develop/use of learning mobile apps",379,389,14,"development",57
3,"develop/use of learning mobile apps",379,389,19,"material",57
3,"develop/use of learning mobile apps",379,389,20,"infrastructure",57
13,"use of educational TV",391,410,9,"partnership",57
13,"use of educational TV",391,410,13,"use/distribution",57
13,"use of educational TV",391,410,19,"material",57
13,"use of educational TV",391,410,20,"infrastructure",57
33,"trainning courses",146,218,8,"training",56
33,"trainning courses",146,218,13,"use/distribution",56
33,"trainning courses",146,218,17,"expertise",56
61,"training in innovative pedagogical practices",219,489,8,"training",56
61,"training in innovative pedagogical practices",219,489,17,"expertise",56
30,"training event",492,752,8,"training",56
30,"training event",492,752,13,"use/distribution",56
30,"training event",492,752,17,"expertise",56
29,"training material",492,752,8,"training",56
29,"training material",492,752,13,"use/distribution",56
29,"training material",492,752,17,"expertise",56
29,"training material",492,752,19,"material",56
36,"use of video/livestream platforms",492,752,13,"use/distribution",56
36,"use of video/livestream platforms",492,752,19,"material",56
36,"use of video/livestream platforms",492,752,20,"infrastructure",56
37,"use/distribution of Google products",128,260,13,"use/distribution",55
37,"use/distribution of Google products",128,260,19,"material",55
37,"use/distribution of Google products",128,260,20,"infrastructure",55
2,"use/distribution of digital resouces",272,356,13,"use/distribution",55
2,"use/distribution of digital resouces",272,356,19,"material",55
2,"use/distribution of digital resouces",272,356,20,"infrastructure",55
3,"develop/use of learning mobile apps",358,391,13,"use/distribution",55
3,"develop/use of learning mobile apps",358,391,14,"development",55
3,"develop/use of learning mobile apps",358,391,19,"material",55
3,"develop/use of learning mobile apps",358,391,20,"infrastructure",55
23,"free Internet access",404,551,13,"use/distribution",55
23,"free Internet access",404,551,20,"infrastructure",55
36,"use of video/livestream platforms",557,605,13,"use/distribution",55
36,"use of video/livestream platforms",557,605,19,"material",55
36,"use of video/livestream platforms",557,605,20,"infrastructure",55
13,"use of educational TV",557,605,9,"partnership",55
13,"use of educational TV",557,605,13,"use/distribution",55
13,"use of educational TV",557,605,19,"material",55
13,"use of educational TV",557,605,20,"infrastructure",55
61,"training in innovative pedagogical practices",101,290,8,"training",54
61,"training in innovative pedagogical practices",101,290,17,"expertise",54
51,"assess Ed tech adoption",332,429,12,"assessment/monitoring",54
51,"assess Ed tech adoption",332,429,17,"expertise",54
51,"assess Ed tech adoption",332,429,18,"vision",54
55,"assess media access",70,150,12,"assessment/monitoring",53
55,"assess media access",70,150,18,"vision",53
55,"assess media access",70,150,19,"material",53
55,"assess media access",70,150,20,"infrastructure",53
4,"guidelines to remote learning",237,406,8,"training",53
4,"guidelines to remote learning",237,406,13,"use/distribution",53
4,"guidelines to remote learning",237,406,14,"development",53
4,"guidelines to remote learning",237,406,15,"collaboration",53
4,"guidelines to remote learning",237,406,18,"vision",53
24,"distribute equipment for teaching",363,679,13,"use/distribution",52
24,"distribute equipment for teaching",363,679,20,"infrastructure",52
3,"develop/use of learning mobile apps",233,359,13,"use/distribution",52
3,"develop/use of learning mobile apps",233,359,14,"development",52
3,"develop/use of learning mobile apps",233,359,19,"material",52
3,"develop/use of learning mobile apps",233,359,20,"infrastructure",52
23,"free Internet access",233,359,13,"use/distribution",52
23,"free Internet access",233,359,20,"infrastructure",52
54,"monitoring access",147,379,12,"assessment/monitoring",51
54,"monitoring access",147,379,18,"vision",51
54,"monitoring access",147,379,19,"material",51
54,"monitoring access",147,379,20,"infrastructure",51
54,"monitoring access",164,213,12,"assessment/monitoring",50
54,"monitoring access",164,213,18,"vision",50
54,"monitoring access",164,213,19,"material",50
54,"monitoring access",164,213,20,"infrastructure",50
33,"trainning courses",217,310,8,"training",50
33,"trainning courses",217,310,13,"use/distribution",50
33,"trainning courses",217,310,17,"expertise",50
55,"assess media access",520,645,12,"assessment/monitoring",50
55,"assess media access",520,645,18,"vision",50
55,"assess media access",520,645,19,"material",50
55,"assess media access",520,645,20,"infrastructure",50
24,"distribute equipment for teaching",318,449,13,"use/distribution",71
24,"distribute equipment for teaching",318,449,20,"infrastructure",71
77,"internet infrastructure in schools",451,539,20,"infrastructure",71
77,"internet infrastructure in schools",541,660,20,"infrastructure",71
2,"use/distribution of digital resouces",381,542,13,"use/distribution",70
2,"use/distribution of digital resouces",381,542,19,"material",70
2,"use/distribution of digital resouces",381,542,20,"infrastructure",70
46,"develop/adaptation of learning platforms",727,977,13,"use/distribution",70
46,"develop/adaptation of learning platforms",727,977,14,"development",70
46,"develop/adaptation of learning platforms",727,977,19,"material",70
46,"develop/adaptation of learning platforms",727,977,20,"infrastructure",70
78,"guidelines for digital resources",544,725,14,"development",70
78,"guidelines for digital resources",544,725,18,"vision",70
78,"guidelines for digital resources",544,725,19,"material",70
46,"develop/adaptation of learning platforms",979,1188,13,"use/distribution",70
46,"develop/adaptation of learning platforms",979,1188,14,"development",70
46,"develop/adaptation of learning platforms",979,1188,19,"material",70
46,"develop/adaptation of learning platforms",979,1188,20,"infrastructure",70
79,"training in digital resources",374,515,8,"training",68
79,"training in digital resources",374,515,17,"expertise",68
79,"training in digital resources",374,515,19,"material",68
61,"training in innovative pedagogical practices",517,548,8,"training",68
61,"training in innovative pedagogical practices",517,548,17,"expertise",68
34,"assess digital competences",550,595,12,"assessment/monitoring",68
34,"assess digital competences",550,595,17,"expertise",68
34,"assess digital competences",550,595,18,"vision",68
61,"training in innovative pedagogical practices",607,728,8,"training",68
61,"training in innovative pedagogical practices",607,728,17,"expertise",68
80,"training in education management",730,816,8,"training",68
80,"training in education management",730,816,17,"expertise",68
80,"training in education management",730,816,18,"vision",68
81,"develop of labs/environments",818,963,14,"development",68
81,"develop of labs/environments",818,963,19,"material",68
81,"develop of labs/environments",818,963,20,"infrastructure",68
77,"internet infrastructure in schools",2539,2649,20,"infrastructure",73
24,"distribute equipment for teaching",2651,2767,13,"use/distribution",73
24,"distribute equipment for teaching",2651,2767,20,"infrastructure",73
24,"distribute equipment for teaching",2376,2492,13,"use/distribution",73
24,"distribute equipment for teaching",2376,2492,20,"infrastructure",73
77,"internet infrastructure in schools",2265,2374,20,"infrastructure",73
83,"creation of collaboration networks",2060,2175,15,"collaboration",73
83,"creation of collaboration networks",2060,2175,17,"expertise",73
83,"creation of collaboration networks",2060,2175,18,"vision",73
84,"use of innovative pedag practices",1938,2059,13,"use/distribution",73
84,"use of innovative pedag practices",1938,2059,18,"vision",73
46,"develop/adaptation of learning platforms",1761,1891,13,"use/distribution",73
46,"develop/adaptation of learning platforms",1761,1891,14,"development",73
46,"develop/adaptation of learning platforms",1761,1891,19,"material",73
46,"develop/adaptation of learning platforms",1761,1891,20,"infrastructure",73
46,"develop/adaptation of learning platforms",1645,1760,13,"use/distribution",73
46,"develop/adaptation of learning platforms",1645,1760,14,"development",73
46,"develop/adaptation of learning platforms",1645,1760,19,"material",73
46,"develop/adaptation of learning platforms",1645,1760,20,"infrastructure",73
84,"use of innovative pedag practices",1524,1644,13,"use/distribution",73
84,"use of innovative pedag practices",1524,1644,18,"vision",73
86,"use of tech in pedag practices",371,494,13,"use/distribution",73
86,"use of tech in pedag practices",371,494,17,"expertise",73
86,"use of tech in pedag practices",371,494,18,"vision",73
86,"use of tech in pedag practices",540,664,13,"use/distribution",73
86,"use of tech in pedag practices",540,664,17,"expertise",73
86,"use of tech in pedag practices",540,664,18,"vision",73
79,"training in digital resources",757,888,8,"training",73
79,"training in digital resources",757,888,17,"expertise",73
79,"training in digital resources",757,888,19,"material",73
61,"training in innovative pedagogical practices",890,921,8,"training",73
61,"training in innovative pedagogical practices",890,921,17,"expertise",73
34,"assess digital competences",923,969,12,"assessment/monitoring",73
34,"assess digital competences",923,969,17,"expertise",73
34,"assess digital competences",923,969,18,"vision",73
79,"training in digital resources",1017,1155,8,"training",73
79,"training in digital resources",1017,1155,17,"expertise",73
79,"training in digital resources",1017,1155,19,"material",73
61,"training in innovative pedagogical practices",1157,1190,8,"training",73
61,"training in innovative pedagogical practices",1157,1190,17,"expertise",73
34,"assess digital competences",1190,1236,12,"assessment/monitoring",73
34,"assess digital competences",1190,1236,17,"expertise",73
34,"assess digital competences",1190,1236,18,"vision",73
2,"use/distribution of digital resouces",1238,1326,13,"use/distribution",73
2,"use/distribution of digital resouces",1238,1326,19,"material",73
2,"use/distribution of digital resouces",1238,1326,20,"infrastructure",73
84,"use of innovative pedag practices",1328,1359,13,"use/distribution",73
84,"use of innovative pedag practices",1328,1359,18,"vision",73
34,"assess digital competences",1361,1407,12,"assessment/monitoring",73
34,"assess digital competences",1361,1407,17,"expertise",73
34,"assess digital competences",1361,1407,18,"vision",73
15,"academic achievements",173,264,12,"assessment/monitoring",72
15,"academic achievements",173,264,18,"vision",72
88,"promote learning in right age",93,171,16,"promotion",72
88,"promote learning in right age",93,171,18,"vision",72
90,"promote democratic/public participation",5058,5278,15,"collaboration",75
90,"promote democratic/public participation",5058,5278,16,"promotion",75
90,"promote democratic/public participation",5058,5278,18,"vision",75
64,"hire teachers",4648,4974,17,"expertise",75
88,"promote learning in right age",356,569,16,"promotion",75
88,"promote learning in right age",356,569,18,"vision",75
15,"academic achievements",596,793,12,"assessment/monitoring",75
15,"academic achievements",596,793,18,"vision",75
92,"enrollment in special education",825,1236,12,"assessment/monitoring",75
92,"enrollment in special education",825,1236,18,"vision",75
88,"promote learning in right age",1267,1389,16,"promotion",75
88,"promote learning in right age",1267,1389,18,"vision",75
93,"promote full-time education",1431,1614,16,"promotion",75
93,"promote full-time education",1431,1614,18,"vision",75
15,"academic achievements",1650,1824,12,"assessment/monitoring",75
15,"academic achievements",1650,1824,18,"vision",75
88,"promote learning in right age",1858,2117,16,"promotion",75
88,"promote learning in right age",1858,2117,18,"vision",75
94,"assess literacy education",2161,2372,12,"assessment/monitoring",75
94,"assess literacy education",2161,2372,18,"vision",75
95,"enrollment in adult education",2425,2575,12,"assessment/monitoring",75
95,"enrollment in adult education",2425,2575,18,"vision",75
96,"enrollment in techical education",2635,2792,12,"assessment/monitoring",75
96,"enrollment in techical education",2635,2792,18,"vision",75
97,"enrollment in higher education",2835,3073,12,"assessment/monitoring",75
97,"enrollment in higher education",2835,3073,18,"vision",75
98,"assess education quality",3076,3309,12,"assessment/monitoring",75
98,"assess education quality",3076,3309,18,"vision",75
97,"enrollment in higher education",3312,3468,12,"assessment/monitoring",75
97,"enrollment in higher education",3312,3468,18,"vision",75
99,"assess schooling levels of teachers",3541,4036,12,"assessment/monitoring",75
99,"assess schooling levels of teachers",3541,4036,17,"expertise",75
99,"assess schooling levels of teachers",3541,4036,18,"vision",75
99,"assess schooling levels of teachers",4037,4358,12,"assessment/monitoring",75
99,"assess schooling levels of teachers",4037,4358,17,"expertise",75
99,"assess schooling levels of teachers",4037,4358,18,"vision",75
101,"assess enrollments in nurseries",4054,5194,12,"assessment/monitoring",76
101,"assess enrollments in nurseries",4054,5194,18,"vision",76
88,"promote learning in right age",8110,8914,16,"promotion",76
88,"promote learning in right age",8110,8914,18,"vision",76
102,"school dropout/frequency of attendance",8916,9427,12,"assessment/monitoring",76
102,"school dropout/frequency of attendance",8916,9427,18,"vision",76
102,"school dropout/frequency of attendance",12575,12848,12,"assessment/monitoring",76
102,"school dropout/frequency of attendance",12575,12848,18,"vision",76
15,"academic achievements",31398,31753,12,"assessment/monitoring",76
15,"academic achievements",31398,31753,18,"vision",76
104,"training in teaching literacy",32510,32967,8,"training",76
104,"training in teaching literacy",32510,32967,17,"expertise",76
104,"training in teaching literacy",32510,32967,18,"vision",76
105,"assess students in public schools",35507,36186,12,"assessment/monitoring",76
105,"assess students in public schools",35507,36186,18,"vision",76
102,"school dropout/frequency of attendance",42334,42416,12,"assessment/monitoring",76
102,"school dropout/frequency of attendance",42334,42416,18,"vision",76
107,"accessibility facilities",42558,42675,18,"vision",76
107,"accessibility facilities",42558,42675,20,"infrastructure",76
108,"physical school infrastructure",39045,39113,20,"infrastructure",76
109,"assess students per teachers",39283,39327,12,"assessment/monitoring",76
109,"assess students per teachers",39283,39327,18,"vision",76
110,"assess school time/permance",39114,39192,12,"assessment/monitoring",76
110,"assess school time/permance",39114,39192,18,"vision",76
108,"physical school infrastructure",42007,42254,20,"infrastructure",76
15,"academic achievements",43731,43813,12,"assessment/monitoring",76
15,"academic achievements",43731,43813,18,"vision",76
15,"academic achievements",47168,47350,12,"assessment/monitoring",76
15,"academic achievements",47168,47350,18,"vision",76
112,"social equality/assistence program",50629,51485,16,"promotion",76
112,"social equality/assistence program",50629,51485,18,"vision",76
94,"assess literacy education",55262,55901,12,"assessment/monitoring",76
94,"assess literacy education",55262,55901,18,"vision",76
113,"number of functional illiterates",56387,56929,12,"assessment/monitoring",76
113,"number of functional illiterates",56387,56929,18,"vision",76
113,"number of functional illiterates",58190,58453,12,"assessment/monitoring",76
113,"number of functional illiterates",58190,58453,18,"vision",76
95,"enrollment in adult education",60595,60933,12,"assessment/monitoring",76
95,"enrollment in adult education",60595,60933,18,"vision",76
95,"enrollment in adult education",64635,65148,12,"assessment/monitoring",76
95,"enrollment in adult education",64635,65148,18,"vision",76
97,"enrollment in higher education",68542,68913,12,"assessment/monitoring",76
97,"enrollment in higher education",68542,68913,18,"vision",76
97,"enrollment in higher education",73544,74675,12,"assessment/monitoring",76
97,"enrollment in higher education",73544,74675,18,"vision",76
64,"hire teachers",76892,77035,17,"expertise",76
102,"school dropout/frequency of attendance",77444,77624,12,"assessment/monitoring",76
102,"school dropout/frequency of attendance",77444,77624,18,"vision",76
97,"enrollment in higher education",80732,81202,12,"assessment/monitoring",76
97,"enrollment in higher education",80732,81202,18,"vision",76
114,"number of courses in higher education",82438,83081,18,"vision",76
115,"better teacher laboral conditions",86290,86402,17,"expertise",76
115,"better teacher laboral conditions",86290,86402,18,"vision",76
115,"better teacher laboral conditions",86038,86289,17,"expertise",76
115,"better teacher laboral conditions",86038,86289,18,"vision",76
115,"better teacher laboral conditions",86506,86746,17,"expertise",76
115,"better teacher laboral conditions",86506,86746,18,"vision",76
33,"trainning courses",86884,87217,8,"training",76
33,"trainning courses",86884,87217,13,"use/distribution",76
33,"trainning courses",86884,87217,17,"expertise",76
90,"promote democratic/public participation",95124,95799,15,"collaboration",76
90,"promote democratic/public participation",95124,95799,16,"promotion",76
90,"promote democratic/public participation",95124,95799,18,"vision",76
115,"better teacher laboral conditions",105290,105550,17,"expertise",76
115,"better teacher laboral conditions",105290,105550,18,"vision",76
117,"provide financial resources",98668,98797,16,"promotion",77
117,"provide financial resources",98668,98797,18,"vision",77
117,"provide financial resources",98489,98667,16,"promotion",77
117,"provide financial resources",98489,98667,18,"vision",77
11,"partnership with public institutions",28,272,9,"partnership",77
11,"partnership with public institutions",28,272,15,"collaboration",77
11,"partnership with public institutions",28,272,18,"vision",77
11,"partnership with public institutions",273,556,9,"partnership",77
11,"partnership with public institutions",273,556,15,"collaboration",77
11,"partnership with public institutions",273,556,18,"vision",77
119,"meet education demand",764,996,12,"assessment/monitoring",77
119,"meet education demand",764,996,18,"vision",77
11,"partnership with public institutions",1276,2752,9,"partnership",77
11,"partnership with public institutions",1276,2752,15,"collaboration",77
11,"partnership with public institutions",1276,2752,18,"vision",77
115,"better teacher laboral conditions",2920,3130,17,"expertise",77
115,"better teacher laboral conditions",2920,3130,18,"vision",77
33,"trainning courses",3147,3252,8,"training",77
33,"trainning courses",3147,3252,13,"use/distribution",77
33,"trainning courses",3147,3252,17,"expertise",77
33,"trainning courses",3253,3411,8,"training",77
33,"trainning courses",3253,3411,13,"use/distribution",77
33,"trainning courses",3253,3411,17,"expertise",77
30,"training event",3412,3507,8,"training",77
30,"training event",3412,3507,13,"use/distribution",77
30,"training event",3412,3507,17,"expertise",77
11,"partnership with public institutions",3746,4095,9,"partnership",77
11,"partnership with public institutions",3746,4095,15,"collaboration",77
11,"partnership with public institutions",3746,4095,18,"vision",77
93,"promote full-time education",5458,5626,16,"promotion",77
93,"promote full-time education",5458,5626,18,"vision",77
11,"partnership with public institutions",5991,6435,9,"partnership",77
11,"partnership with public institutions",5991,6435,15,"collaboration",77
11,"partnership with public institutions",5991,6435,18,"vision",77
112,"social equality/assistence program",6436,6634,16,"promotion",77
112,"social equality/assistence program",6436,6634,18,"vision",77
123,"develop mechanism for school permance",6635,6822,14,"development",77
123,"develop mechanism for school permance",6635,6822,16,"promotion",77
123,"develop mechanism for school permance",6635,6822,18,"vision",77
124,"individual monitoring",6823,7074,12,"assessment/monitoring",77
124,"individual monitoring",6823,7074,18,"vision",77
11,"partnership with public institutions",7075,7385,9,"partnership",77
11,"partnership with public institutions",7075,7385,15,"collaboration",77
11,"partnership with public institutions",7075,7385,18,"vision",77
124,"individual monitoring",7388,7565,12,"assessment/monitoring",77
124,"individual monitoring",7388,7565,18,"vision",77
125,"monitoring social assistance",7566,8100,12,"assessment/monitoring",77
125,"monitoring social assistance",7566,8100,18,"vision",77
81,"develop of labs/environments",8356,8774,14,"development",77
81,"develop of labs/environments",8356,8774,19,"material",77
81,"develop of labs/environments",8356,8774,20,"infrastructure",77
126,"incentivate parents participation",9058,9286,16,"promotion",77
126,"incentivate parents participation",9058,9286,18,"vision",77
112,"social equality/assistence program",9287,9508,16,"promotion",77
112,"social equality/assistence program",9287,9508,18,"vision",77
128,"reestructuring learning content",10007,10415,18,"vision",77
128,"reestructuring learning content",10007,10415,19,"material",77
11,"partnership with public institutions",10699,10891,9,"partnership",77
11,"partnership with public institutions",10699,10891,15,"collaboration",77
11,"partnership with public institutions",10699,10891,18,"vision",77
18,"production of learning contents",11059,11341,14,"development",77
18,"production of learning contents",11059,11341,19,"material",77
30,"training event",11342,11534,8,"training",77
30,"training event",11342,11534,13,"use/distribution",77
30,"training event",11342,11534,17,"expertise",77
88,"promote learning in right age",11535,11914,16,"promotion",77
88,"promote learning in right age",11535,11914,18,"vision",77
15,"academic achievements",11915,12333,12,"assessment/monitoring",77
15,"academic achievements",11915,12333,18,"vision",77
129,"dissemination of actions/programs",12334,12584,12,"assessment/monitoring",77
129,"dissemination of actions/programs",12334,12584,16,"promotion",77
129,"dissemination of actions/programs",12334,12584,18,"vision",77
112,"social equality/assistence program",12585,13118,16,"promotion",77
112,"social equality/assistence program",12585,13118,18,"vision",77
7,"partnership with international agencies",13400,13677,9,"partnership",77
7,"partnership with international agencies",13400,13677,15,"collaboration",77
7,"partnership with international agencies",13400,13677,18,"vision",77
11,"partnership with public institutions",13400,13677,9,"partnership",77
11,"partnership with public institutions",13400,13677,15,"collaboration",77
11,"partnership with public institutions",13400,13677,18,"vision",77
112,"social equality/assistence program",14160,14393,16,"promotion",77
112,"social equality/assistence program",14160,14393,18,"vision",77
112,"social equality/assistence program",14394,14624,16,"promotion",77
112,"social equality/assistence program",14394,14624,18,"vision",77
81,"develop of labs/environments",14716,14879,14,"development",77
81,"develop of labs/environments",14716,14879,19,"material",77
81,"develop of labs/environments",14716,14879,20,"infrastructure",77
130,"promote STEAM courses",14880,15013,16,"promotion",77
130,"promote STEAM courses",14880,15013,18,"vision",77
11,"partnership with public institutions",15014,15233,9,"partnership",77
11,"partnership with public institutions",15014,15233,15,"collaboration",77
11,"partnership with public institutions",15014,15233,18,"vision",77
131,"promote extracurricular activities",15234,15572,16,"promotion",77
131,"promote extracurricular activities",15234,15572,19,"material",77
119,"meet education demand",16114,16539,12,"assessment/monitoring",77
119,"meet education demand",16114,16539,18,"vision",77
108,"physical school infrastructure",16540,16993,20,"infrastructure",77
33,"trainning courses",16994,17341,8,"training",77
33,"trainning courses",16994,17341,13,"use/distribution",77
33,"trainning courses",16994,17341,17,"expertise",77
108,"physical school infrastructure",17342,17954,20,"infrastructure",77
108,"physical school infrastructure",17955,18294,20,"infrastructure",77
133,"promote second language education",18295,18758,16,"promotion",77
133,"promote second language education",18295,18758,17,"expertise",77
133,"promote second language education",18295,18758,18,"vision",77
117,"provide financial resources",97536,97906,16,"promotion",77
117,"provide financial resources",97536,97906,18,"vision",77
117,"provide financial resources",97132,97535,16,"promotion",77
117,"provide financial resources",97132,97535,18,"vision",77
27,"creation of management units",96705,97128,14,"development",77
27,"creation of management units",96705,97128,15,"collaboration",77
27,"creation of management units",96705,97128,18,"vision",77
90,"promote democratic/public participation",96074,96704,15,"collaboration",77
90,"promote democratic/public participation",96074,96704,16,"promotion",77
90,"promote democratic/public participation",96074,96704,18,"vision",77
117,"provide financial resources",92838,96073,16,"promotion",77
117,"provide financial resources",92838,96073,18,"vision",77
117,"provide financial resources",91716,92417,16,"promotion",77
117,"provide financial resources",91716,92417,18,"vision",77
117,"provide financial resources",90871,91715,16,"promotion",77
117,"provide financial resources",90871,91715,18,"vision",77
11,"partnership with public institutions",90412,90868,9,"partnership",77
11,"partnership with public institutions",90412,90868,15,"collaboration",77
11,"partnership with public institutions",90412,90868,18,"vision",77
33,"trainning courses",89863,90041,8,"training",77
33,"trainning courses",89863,90041,13,"use/distribution",77
33,"trainning courses",89863,90041,17,"expertise",77
27,"creation of management units",90042,90191,14,"development",77
27,"creation of management units",90042,90191,15,"collaboration",77
27,"creation of management units",90042,90191,18,"vision",77
90,"promote democratic/public participation",89048,89862,15,"collaboration",77
90,"promote democratic/public participation",89048,89862,16,"promotion",77
90,"promote democratic/public participation",89048,89862,18,"vision",77
27,"creation of management units",88105,88455,14,"development",77
27,"creation of management units",88105,88455,15,"collaboration",77
27,"creation of management units",88105,88455,18,"vision",77
80,"training in education management",88727,89047,8,"training",77
80,"training in education management",88727,89047,17,"expertise",77
80,"training in education management",88727,89047,18,"vision",77
90,"promote democratic/public participation",88457,88726,15,"collaboration",77
90,"promote democratic/public participation",88457,88726,16,"promotion",77
90,"promote democratic/public participation",88457,88726,18,"vision",77
90,"promote democratic/public participation",87903,88104,15,"collaboration",77
90,"promote democratic/public participation",87903,88104,16,"promotion",77
90,"promote democratic/public participation",87903,88104,18,"vision",77
117,"provide financial resources",87664,87902,16,"promotion",77
117,"provide financial resources",87664,87902,18,"vision",77
80,"training in education management",87320,87663,8,"training",77
80,"training in education management",87320,87663,17,"expertise",77
80,"training in education management",87320,87663,18,"vision",77
90,"promote democratic/public participation",86911,87319,15,"collaboration",77
90,"promote democratic/public participation",86911,87319,16,"promotion",77
90,"promote democratic/public participation",86911,87319,18,"vision",77
117,"provide financial resources",86107,86883,16,"promotion",77
117,"provide financial resources",86107,86883,18,"vision",77
64,"hire teachers",83629,83981,17,"expertise",77
136,"guidelines to teaching career",84892,86106,14,"development",77
136,"guidelines to teaching career",84892,86106,17,"expertise",77
136,"guidelines to teaching career",83982,84890,14,"development",77
136,"guidelines to teaching career",83982,84890,17,"expertise",77
33,"trainning courses",83211,83628,8,"training",77
33,"trainning courses",83211,83628,13,"use/distribution",77
33,"trainning courses",83211,83628,17,"expertise",77
137,"promote healtly programs",82889,83183,16,"promotion",77
137,"promote healtly programs",82889,83183,18,"vision",77
90,"promote democratic/public participation",81938,82277,15,"collaboration",77
90,"promote democratic/public participation",81938,82277,16,"promotion",77
90,"promote democratic/public participation",81938,82277,18,"vision",77
117,"provide financial resources",82278,82631,16,"promotion",77
117,"provide financial resources",82278,82631,18,"vision",77
27,"creation of management units",82632,82888,14,"development",77
27,"creation of management units",82632,82888,15,"collaboration",77
27,"creation of management units",82632,82888,18,"vision",77
112,"social equality/assistence program",19700,20082,16,"promotion",77
112,"social equality/assistence program",19700,20082,18,"vision",77
2,"use/distribution of digital resouces",20083,20512,13,"use/distribution",77
2,"use/distribution of digital resouces",20083,20512,19,"material",77
2,"use/distribution of digital resouces",20083,20512,20,"infrastructure",77
43,"production of interactive materials",20083,20512,13,"use/distribution",77
43,"production of interactive materials",20083,20512,19,"material",77
18,"production of learning contents",20513,20931,14,"development",77
18,"production of learning contents",20513,20931,19,"material",77
137,"promote healtly programs",20932,21496,16,"promotion",77
137,"promote healtly programs",20932,21496,18,"vision",77
119,"meet education demand",21497,22079,12,"assessment/monitoring",77
119,"meet education demand",21497,22079,18,"vision",77
133,"promote second language education",23338,23604,16,"promotion",77
133,"promote second language education",23338,23604,17,"expertise",77
133,"promote second language education",23338,23604,18,"vision",77
7,"partnership with international agencies",23605,24010,9,"partnership",77
7,"partnership with international agencies",23605,24010,15,"collaboration",77
7,"partnership with international agencies",23605,24010,18,"vision",77
90,"promote democratic/public participation",24012,25023,15,"collaboration",77
90,"promote democratic/public participation",24012,25023,16,"promotion",77
90,"promote democratic/public participation",24012,25023,18,"vision",77
90,"promote democratic/public participation",25208,25416,15,"collaboration",77
90,"promote democratic/public participation",25208,25416,16,"promotion",77
90,"promote democratic/public participation",25208,25416,18,"vision",77
129,"dissemination of actions/programs",25841,26366,12,"assessment/monitoring",77
129,"dissemination of actions/programs",25841,26366,16,"promotion",77
129,"dissemination of actions/programs",25841,26366,18,"vision",77
94,"assess literacy education",26400,26796,12,"assessment/monitoring",77
94,"assess literacy education",26400,26796,18,"vision",77
18,"production of learning contents",27218,27441,14,"development",77
18,"production of learning contents",27218,27441,19,"material",77
88,"promote learning in right age",27442,27747,16,"promotion",77
88,"promote learning in right age",27442,27747,18,"vision",77
15,"academic achievements",28103,28428,12,"assessment/monitoring",77
15,"academic achievements",28103,28428,18,"vision",77
112,"social equality/assistence program",28932,29478,16,"promotion",77
112,"social equality/assistence program",28932,29478,18,"vision",77
104,"training in teaching literacy",29748,29990,8,"training",77
104,"training in teaching literacy",29748,29990,17,"expertise",77
104,"training in teaching literacy",29748,29990,18,"vision",77
93,"promote full-time education",30021,31967,16,"promotion",77
93,"promote full-time education",30021,31967,18,"vision",77
15,"academic achievements",32386,32992,12,"assessment/monitoring",77
15,"academic achievements",32386,32992,18,"vision",77
80,"training in education management",81568,81910,8,"training",77
80,"training in education management",81568,81910,17,"expertise",77
80,"training in education management",81568,81910,18,"vision",77
33,"trainning courses",80719,81013,8,"training",77
33,"trainning courses",80719,81013,13,"use/distribution",77
33,"trainning courses",80719,81013,17,"expertise",77
90,"promote democratic/public participation",33181,33932,15,"collaboration",77
90,"promote democratic/public participation",33181,33932,16,"promotion",77
90,"promote democratic/public participation",33181,33932,18,"vision",77
108,"physical school infrastructure",33933,34447,20,"infrastructure",77
15,"academic achievements",35542,35647,12,"assessment/monitoring",77
15,"academic achievements",35542,35647,18,"vision",77
129,"dissemination of actions/programs",35353,35539,12,"assessment/monitoring",77
129,"dissemination of actions/programs",35353,35539,16,"promotion",77
129,"dissemination of actions/programs",35353,35539,18,"vision",77
140,"participation in nacional assessment",34698,35352,12,"assessment/monitoring",77
140,"participation in nacional assessment",34698,35352,18,"vision",77
141,"promote open-source software",36454,36710,13,"use/distribution",77
141,"promote open-source software",36454,36710,16,"promotion",77
141,"promote open-source software",36454,36710,19,"material",77
112,"social equality/assistence program",36711,37207,16,"promotion",77
112,"social equality/assistence program",36711,37207,18,"vision",77
86,"use of tech in pedag practices",36140,36453,13,"use/distribution",77
86,"use of tech in pedag practices",36140,36453,17,"expertise",77
86,"use of tech in pedag practices",36140,36453,18,"vision",77
140,"participation in nacional assessment",35844,36139,12,"assessment/monitoring",77
140,"participation in nacional assessment",35844,36139,18,"vision",77
112,"social equality/assistence program",37208,37502,16,"promotion",77
112,"social equality/assistence program",37208,37502,18,"vision",77
77,"internet infrastructure in schools",37504,37685,20,"infrastructure",77
86,"use of tech in pedag practices",37686,37897,13,"use/distribution",77
86,"use of tech in pedag practices",37686,37897,17,"expertise",77
86,"use of tech in pedag practices",37686,37897,18,"vision",77
90,"promote democratic/public participation",37900,38187,15,"collaboration",77
90,"promote democratic/public participation",37900,38187,16,"promotion",77
90,"promote democratic/public participation",37900,38187,18,"vision",77
24,"distribute equipment for teaching",38986,39156,13,"use/distribution",77
24,"distribute equipment for teaching",38986,39156,20,"infrastructure",77
108,"physical school infrastructure",38188,38598,20,"infrastructure",77
24,"distribute equipment for teaching",39319,39509,13,"use/distribution",77
24,"distribute equipment for teaching",39319,39509,20,"infrastructure",77
77,"internet infrastructure in schools",39510,39693,20,"infrastructure",77
80,"training in education management",40278,41278,8,"training",77
80,"training in education management",40278,41278,17,"expertise",77
80,"training in education management",40278,41278,18,"vision",77
112,"social equality/assistence program",41279,41607,16,"promotion",77
112,"social equality/assistence program",41279,41607,18,"vision",77
112,"social equality/assistence program",42160,43143,16,"promotion",77
112,"social equality/assistence program",42160,43143,18,"vision",77
104,"training in teaching literacy",43144,43512,8,"training",77
104,"training in teaching literacy",43144,43512,17,"expertise",77
104,"training in teaching literacy",43144,43512,18,"vision",77
131,"promote extracurricular activities",43513,43846,16,"promotion",77
131,"promote extracurricular activities",43513,43846,19,"material",77
112,"social equality/assistence program",43998,44411,16,"promotion",77
112,"social equality/assistence program",43998,44411,18,"vision",77
137,"promote healtly programs",44412,44950,16,"promotion",77
137,"promote healtly programs",44412,44950,18,"vision",77
117,"provide financial resources",44951,45321,16,"promotion",77
117,"provide financial resources",44951,45321,18,"vision",77
90,"promote democratic/public participation",45670,46049,15,"collaboration",77
90,"promote democratic/public participation",45670,46049,16,"promotion",77
90,"promote democratic/public participation",45670,46049,18,"vision",77
88,"promote learning in right age",46313,46662,16,"promotion",77
88,"promote learning in right age",46313,46662,18,"vision",77
112,"social equality/assistence program",46900,47222,16,"promotion",77
112,"social equality/assistence program",46900,47222,18,"vision",77
68,"partnership with private institutions",47370,47676,9,"partnership",77
68,"partnership with private institutions",47370,47676,15,"collaboration",77
68,"partnership with private institutions",47370,47676,18,"vision",77
94,"assess literacy education",48457,48612,12,"assessment/monitoring",77
94,"assess literacy education",48457,48612,18,"vision",77
119,"meet education demand",48613,48808,12,"assessment/monitoring",77
119,"meet education demand",48613,48808,18,"vision",77
142,"identification of target-population",48809,49062,12,"assessment/monitoring",77
142,"identification of target-population",48809,49062,18,"vision",77
88,"promote learning in right age",49064,49243,16,"promotion",77
88,"promote learning in right age",49064,49243,18,"vision",77
142,"identification of target-population",49390,49590,12,"assessment/monitoring",77
142,"identification of target-population",49390,49590,18,"vision",77
112,"social equality/assistence program",49591,49786,16,"promotion",77
112,"social equality/assistence program",49591,49786,18,"vision",77
68,"partnership with private institutions",78446,78742,9,"partnership",77
68,"partnership with private institutions",78446,78742,15,"collaboration",77
68,"partnership with private institutions",78446,78742,18,"vision",77
11,"partnership with public institutions",78446,78742,9,"partnership",77
11,"partnership with public institutions",78446,78742,15,"collaboration",77
11,"partnership with public institutions",78446,78742,18,"vision",77
68,"partnership with private institutions",78743,79153,9,"partnership",77
68,"partnership with private institutions",78743,79153,15,"collaboration",77
68,"partnership with private institutions",78743,79153,18,"vision",77
112,"social equality/assistence program",50036,50280,16,"promotion",77
112,"social equality/assistence program",50036,50280,18,"vision",77
119,"meet education demand",50281,50544,12,"assessment/monitoring",77
119,"meet education demand",50281,50544,18,"vision",77
33,"trainning courses",50545,50679,8,"training",77
33,"trainning courses",50545,50679,13,"use/distribution",77
33,"trainning courses",50545,50679,17,"expertise",77
117,"provide financial resources",50680,50953,16,"promotion",77
117,"provide financial resources",50680,50953,18,"vision",77
68,"partnership with private institutions",50954,51297,9,"partnership",77
68,"partnership with private institutions",50954,51297,15,"collaboration",77
68,"partnership with private institutions",50954,51297,18,"vision",77
11,"partnership with public institutions",50954,51297,9,"partnership",77
11,"partnership with public institutions",50954,51297,15,"collaboration",77
11,"partnership with public institutions",50954,51297,18,"vision",77
119,"meet education demand",51494,51656,12,"assessment/monitoring",77
119,"meet education demand",51494,51656,18,"vision",77
50,"external assessments",51657,51811,12,"assessment/monitoring",77
50,"external assessments",51657,51811,15,"collaboration",77
50,"external assessments",51657,51811,18,"vision",77
143,"establish quality parameters",51812,51982,12,"assessment/monitoring",77
143,"establish quality parameters",51812,51982,18,"vision",77
123,"develop mechanism for school permance",51983,52130,14,"development",77
123,"develop mechanism for school permance",51983,52130,16,"promotion",77
123,"develop mechanism for school permance",51983,52130,18,"vision",77
128,"reestructuring learning content",52448,52728,18,"vision",77
128,"reestructuring learning content",52448,52728,19,"material",77
98,"assess education quality",52131,52447,12,"assessment/monitoring",77
98,"assess education quality",52131,52447,18,"vision",77
144,"promote student graduation",52756,53045,16,"promotion",77
144,"promote student graduation",52756,53045,18,"vision",77
33,"trainning courses",53459,53802,8,"training",77
33,"trainning courses",53459,53802,13,"use/distribution",77
33,"trainning courses",53459,53802,17,"expertise",77
117,"provide financial resources",53803,54010,16,"promotion",77
117,"provide financial resources",53803,54010,18,"vision",77
108,"physical school infrastructure",53803,54010,20,"infrastructure",77
119,"meet education demand",54011,54502,12,"assessment/monitoring",77
119,"meet education demand",54011,54502,18,"vision",77
128,"reestructuring learning content",54503,54874,18,"vision",77
128,"reestructuring learning content",54503,54874,19,"material",77
18,"production of learning contents",54875,55194,14,"development",77
18,"production of learning contents",54875,55194,19,"material",77
112,"social equality/assistence program",55195,55558,16,"promotion",77
112,"social equality/assistence program",55195,55558,18,"vision",77
11,"partnership with public institutions",55887,56101,9,"partnership",77
11,"partnership with public institutions",55887,56101,15,"collaboration",77
11,"partnership with public institutions",55887,56101,18,"vision",77
119,"meet education demand",56102,56294,12,"assessment/monitoring",77
119,"meet education demand",56102,56294,18,"vision",77
90,"promote democratic/public participation",56295,56581,15,"collaboration",77
90,"promote democratic/public participation",56295,56581,16,"promotion",77
90,"promote democratic/public participation",56295,56581,18,"vision",77
143,"establish quality parameters",56919,57123,12,"assessment/monitoring",77
143,"establish quality parameters",56919,57123,18,"vision",77
112,"social equality/assistence program",57124,57503,16,"promotion",77
112,"social equality/assistence program",57124,57503,18,"vision",77
144,"promote student graduation",57504,57694,16,"promotion",77
144,"promote student graduation",57504,57694,18,"vision",77
123,"develop mechanism for school permance",57695,57959,14,"development",77
123,"develop mechanism for school permance",57695,57959,16,"promotion",77
123,"develop mechanism for school permance",57695,57959,18,"vision",77
112,"social equality/assistence program",57960,58252,16,"promotion",77
112,"social equality/assistence program",57960,58252,18,"vision",77
119,"meet education demand",58253,58622,12,"assessment/monitoring",77
119,"meet education demand",58253,58622,18,"vision",77
33,"trainning courses",79154,79384,8,"training",77
33,"trainning courses",79154,79384,13,"use/distribution",77
33,"trainning courses",79154,79384,17,"expertise",77
64,"hire teachers",79584,79771,17,"expertise",77
147,"promote teaching career",79385,79581,16,"promotion",77
147,"promote teaching career",79385,79581,17,"expertise",77
147,"promote teaching career",79385,79581,18,"vision",77
94,"assess literacy education",79950,80369,12,"assessment/monitoring",77
94,"assess literacy education",79950,80369,18,"vision",77
119,"meet education demand",58652,59068,12,"assessment/monitoring",77
119,"meet education demand",58652,59068,18,"vision",77
98,"assess education quality",58652,59068,12,"assessment/monitoring",77
98,"assess education quality",58652,59068,18,"vision",77
119,"meet education demand",59070,59485,12,"assessment/monitoring",77
119,"meet education demand",59070,59485,18,"vision",77
108,"physical school infrastructure",59486,59666,20,"infrastructure",77
112,"social equality/assistence program",59909,60210,16,"promotion",77
112,"social equality/assistence program",59909,60210,18,"vision",77
11,"partnership with public institutions",60211,60508,9,"partnership",77
11,"partnership with public institutions",60211,60508,15,"collaboration",77
11,"partnership with public institutions",60211,60508,18,"vision",77
52,"monitoring/reporting of schools actions",60509,60735,12,"assessment/monitoring",77
52,"monitoring/reporting of schools actions",60509,60735,18,"vision",77
144,"promote student graduation",60737,61282,16,"promotion",77
144,"promote student graduation",60737,61282,18,"vision",77
119,"meet education demand",61283,61517,12,"assessment/monitoring",77
119,"meet education demand",61283,61517,18,"vision",77
112,"social equality/assistence program",61518,62103,16,"promotion",77
112,"social equality/assistence program",61518,62103,18,"vision",77
112,"social equality/assistence program",62104,62262,16,"promotion",77
112,"social equality/assistence program",62104,62262,18,"vision",77
112,"social equality/assistence program",62718,62968,16,"promotion",77
112,"social equality/assistence program",62718,62968,18,"vision",77
108,"physical school infrastructure",62969,63188,20,"infrastructure",77
147,"promote teaching career",77913,78418,16,"promotion",77
147,"promote teaching career",77913,78418,17,"expertise",77
147,"promote teaching career",77913,78418,18,"vision",77
147,"promote teaching career",77633,77912,16,"promotion",77
147,"promote teaching career",77633,77912,17,"expertise",77
147,"promote teaching career",77633,77912,18,"vision",77
133,"promote second language education",77018,77321,16,"promotion",77
133,"promote second language education",77018,77321,17,"expertise",77
133,"promote second language education",77018,77321,18,"vision",77
119,"meet education demand",76543,76807,12,"assessment/monitoring",77
119,"meet education demand",76543,76807,18,"vision",77
33,"trainning courses",76808,77017,8,"training",77
33,"trainning courses",76808,77017,13,"use/distribution",77
33,"trainning courses",76808,77017,17,"expertise",77
147,"promote teaching career",76172,76542,16,"promotion",77
147,"promote teaching career",76172,76542,17,"expertise",77
147,"promote teaching career",76172,76542,18,"vision",77
119,"meet education demand",73947,74360,12,"assessment/monitoring",77
119,"meet education demand",73947,74360,18,"vision",77
131,"promote extracurricular activities",74361,74697,16,"promotion",77
131,"promote extracurricular activities",74361,74697,19,"material",77
112,"social equality/assistence program",74941,75235,16,"promotion",77
112,"social equality/assistence program",74941,75235,18,"vision",77
128,"reestructuring learning content",75236,75677,18,"vision",77
128,"reestructuring learning content",75236,75677,19,"material",77
130,"promote STEAM courses",64075,64465,16,"promotion",77
130,"promote STEAM courses",64075,64465,18,"vision",77
117,"provide financial resources",65319,65551,16,"promotion",77
117,"provide financial resources",65319,65551,18,"vision",77
86,"use of tech in pedag practices",64743,65134,13,"use/distribution",77
86,"use of tech in pedag practices",64743,65134,17,"expertise",77
86,"use of tech in pedag practices",64743,65134,18,"vision",77
86,"use of tech in pedag practices",65552,65838,13,"use/distribution",77
86,"use of tech in pedag practices",65552,65838,17,"expertise",77
86,"use of tech in pedag practices",65552,65838,18,"vision",77
86,"use of tech in pedag practices",64466,64742,13,"use/distribution",77
86,"use of tech in pedag practices",64466,64742,17,"expertise",77
86,"use of tech in pedag practices",64466,64742,18,"vision",77
117,"provide financial resources",68866,69111,16,"promotion",77
117,"provide financial resources",68866,69111,18,"vision",77
86,"use of tech in pedag practices",69315,69536,13,"use/distribution",77
86,"use of tech in pedag practices",69315,69536,17,"expertise",77
86,"use of tech in pedag practices",69315,69536,18,"vision",77
11,"partnership with public institutions",70953,71282,9,"partnership",77
11,"partnership with public institutions",70953,71282,15,"collaboration",77
11,"partnership with public institutions",70953,71282,18,"vision",77
7,"partnership with international agencies",71283,71547,9,"partnership",77
7,"partnership with international agencies",71283,71547,15,"collaboration",77
7,"partnership with international agencies",71283,71547,18,"vision",77
117,"provide financial resources",71548,71952,16,"promotion",77
117,"provide financial resources",71548,71952,18,"vision",77
68,"partnership with private institutions",72467,72656,9,"partnership",77
68,"partnership with private institutions",72467,72656,15,"collaboration",77
68,"partnership with private institutions",72467,72656,18,"vision",77
148,"simplify bureacreatic process",73717,73849,18,"vision",77
108,"physical school infrastructure",72657,73081,20,"infrastructure",77
148,"simplify bureacreatic process",73336,73486,18,"vision",77
117,"provide financial resources",73487,73716,16,"promotion",77
117,"provide financial resources",73487,73716,18,"vision",77
117,"provide financial resources",69537,69636,16,"promotion",77
117,"provide financial resources",69537,69636,18,"vision",77
112,"social equality/assistence program",69637,69942,16,"promotion",77
112,"social equality/assistence program",69637,69942,18,"vision",77
130,"promote STEAM courses",70470,70730,16,"promotion",77
130,"promote STEAM courses",70470,70730,18,"vision",77
112,"social equality/assistence program",70262,70469,16,"promotion",77
112,"social equality/assistence program",70262,70469,18,"vision",77
119,"meet education demand",69943,70261,12,"assessment/monitoring",77
119,"meet education demand",69943,70261,18,"vision",77
98,"assess education quality",66572,67150,12,"assessment/monitoring",77
98,"assess education quality",66572,67150,18,"vision",77
140,"participation in nacional assessment",65866,66571,12,"assessment/monitoring",77
140,"participation in nacional assessment",65866,66571,18,"vision",77
119,"meet education demand",67151,67423,12,"assessment/monitoring",77
119,"meet education demand",67151,67423,18,"vision",77
98,"assess education quality",67424,67614,12,"assessment/monitoring",77
98,"assess education quality",67424,67614,18,"vision",77
140,"participation in nacional assessment",67615,68488,12,"assessment/monitoring",77
140,"participation in nacional assessment",67615,68488,18,"vision",77
102,"school dropout/frequency of attendance",49088,49563,12,"assessment/monitoring",76
102,"school dropout/frequency of attendance",49088,49563,18,"vision",76
102,"school dropout/frequency of attendance",998,1274,12,"assessment/monitoring",77
102,"school dropout/frequency of attendance",998,1274,18,"vision",77
90,"promote democratic/public participation",96330,97235,15,"collaboration",76
90,"promote democratic/public participation",96330,97235,16,"promotion",76
90,"promote democratic/public participation",96330,97235,18,"vision",76
90,"promote democratic/public participation",59667,59906,15,"collaboration",77
90,"promote democratic/public participation",59667,59906,16,"promotion",77
90,"promote democratic/public participation",59667,59906,18,"vision",77
147,"promote teaching career",4360,4604,16,"promotion",75
147,"promote teaching career",4360,4604,17,"expertise",75
147,"promote teaching career",4360,4604,18,"vision",75
147,"promote teaching career",74698,74940,16,"promotion",77
147,"promote teaching career",74698,74940,17,"expertise",77
147,"promote teaching career",74698,74940,18,"vision",77
90,"promote democratic/public participation",97907,98486,15,"collaboration",77
90,"promote democratic/public participation",97907,98486,16,"promotion",77
90,"promote democratic/public participation",97907,98486,18,"vision",77
90,"promote democratic/public participation",557,763,15,"collaboration",77
90,"promote democratic/public participation",557,763,16,"promotion",77
90,"promote democratic/public participation",557,763,18,"vision",77
90,"promote democratic/public participation",10416,10696,15,"collaboration",77
90,"promote democratic/public participation",10416,10696,16,"promotion",77
90,"promote democratic/public participation",10416,10696,18,"vision",77
90,"promote democratic/public participation",10895,11058,15,"collaboration",77
90,"promote democratic/public participation",10895,11058,16,"promotion",77
90,"promote democratic/public participation",10895,11058,18,"vision",77
90,"promote democratic/public participation",15824,16111,15,"collaboration",77
90,"promote democratic/public participation",15824,16111,16,"promotion",77
90,"promote democratic/public participation",15824,16111,18,"vision",77
117,"provide financial resources",5320,5551,16,"promotion",75
117,"provide financial resources",5320,5551,18,"vision",75
117,"provide financial resources",39695,40082,16,"promotion",77
117,"provide financial resources",39695,40082,18,"vision",77
92,"enrollment in special education",92418,92682,12,"assessment/monitoring",77
92,"enrollment in special education",92418,92682,18,"vision",77
92,"enrollment in special education",22875,23577,12,"assessment/monitoring",76
92,"enrollment in special education",22875,23577,18,"vision",76
92,"enrollment in special education",26342,26585,12,"assessment/monitoring",76
92,"enrollment in special education",26342,26585,18,"vision",76
143,"establish quality parameters",27748,28101,12,"assessment/monitoring",77
143,"establish quality parameters",27748,28101,18,"vision",77
129,"dissemination of actions/programs",978,1158,12,"assessment/monitoring",69
129,"dissemination of actions/programs",978,1158,16,"promotion",69
129,"dissemination of actions/programs",978,1158,18,"vision",69
129,"dissemination of actions/programs",28429,28931,12,"assessment/monitoring",77
129,"dissemination of actions/programs",28429,28931,16,"promotion",77
129,"dissemination of actions/programs",28429,28931,18,"vision",77
102,"school dropout/frequency of attendance",5236,5457,12,"assessment/monitoring",77
102,"school dropout/frequency of attendance",5236,5457,18,"vision",77
102,"school dropout/frequency of attendance",47679,48424,12,"assessment/monitoring",77
102,"school dropout/frequency of attendance",47679,48424,18,"vision",77
131,"promote extracurricular activities",9704,9978,16,"promotion",77
131,"promote extracurricular activities",9704,9978,19,"material",77
131,"promote extracurricular activities",15573,15798,16,"promotion",77
131,"promote extracurricular activities",15573,15798,19,"material",77
112,"social equality/assistence program",4097,4514,16,"promotion",77
112,"social equality/assistence program",4097,4514,18,"vision",77
112,"social equality/assistence program",4515,4882,16,"promotion",77
112,"social equality/assistence program",4515,4882,18,"vision",77
112,"social equality/assistence program",43847,43997,16,"promotion",77
112,"social equality/assistence program",43847,43997,18,"vision",77
147,"promote teaching career",42279,42333,16,"promotion",76
147,"promote teaching career",42279,42333,17,"expertise",76
147,"promote teaching career",42279,42333,18,"vision",76
147,"promote teaching career",85547,86037,16,"promotion",76
147,"promote teaching career",85547,86037,17,"expertise",76
147,"promote teaching career",85547,86037,18,"vision",76
147,"promote teaching career",2753,2919,16,"promotion",77
147,"promote teaching career",2753,2919,17,"expertise",77
147,"promote teaching career",2753,2919,18,"vision",77
98,"assess education quality",72220,72466,12,"assessment/monitoring",77
98,"assess education quality",72220,72466,18,"vision",77
150,"assess public investment",106354,106661,12,"assessment/monitoring",76
150,"assess public investment",106354,106661,18,"vision",76
105,"assess students in public schools",107741,108129,12,"assessment/monitoring",76
105,"assess students in public schools",107741,108129,18,"vision",76
101,"assess enrollments in nurseries",68,322,12,"assessment/monitoring",75
101,"assess enrollments in nurseries",68,322,18,"vision",75
52,"monitoring/reporting of schools actions",966,1084,12,"assessment/monitoring",68
52,"monitoring/reporting of schools actions",966,1084,18,"vision",68
128,"reestructuring learning content",643,783,18,"vision",69
128,"reestructuring learning content",643,783,19,"material",69
52,"monitoring/reporting of schools actions",785,975,12,"assessment/monitoring",69
52,"monitoring/reporting of schools actions",785,975,18,"vision",69
